KEY,Russian,English,Spanish,Germany
Variables.Say.0,,,,
Variables.Say.1,,,,
Variables.Say.2,,,,
Variables.Say.3,,,,
Variables.Say.4,,,,
Variables.Say.5,,,,
Variables.Say.6,,,,
Variables.Say.7,,,,
Variables.Say.8,,,,
Variables.Say.9,,,,
Variables.Say.10,,,,
Variables.Say.11,,,,
Variables.Say.12,,,,
Variables.Say.13,,,,
Variables.Say.14,,,,
Variables.Say.15,,,,
Variables.Say.16,,,,
Variables.Say.17,,,,
Variables.Say.18,,,,
Variables.Say.19,,,,
Variables.Say.20,,,,
Variables.Say.21,,,,
Variables.Say.22,,,,
Variables.Say.23,,,,
Variables.Say.24,,,,
Variables.Say.25,,,,
Variables.Say.26,,,,
Variables.Say.27,,,,
Variables.Say.28,,,,
Variables.Say.29,,,,
Variables.Say.30,,,,
Variables.Say.31,,,,
Variables.Say.32,,,,
Variables.Say.33,,,,
Variables.Say.34,,,,
Variables.Say.35,,,,
Variables.Say.36,,,,
Variables.Say.37,,,,
Variables.Say.38,,,,
Variables.Say.39,,,,
Variables.Say.40,,,,
Variables.Say.41,,,,
Variables.Say.42,,,,
Variables.Say.43,,,,
Variables.Say.44,,,,
Variables.Say.45,,,,
Variables.Say.46,,,,
Variables.Say.47,,,,
Variables.Say.48,,,,
Variables.Say.49,,,,
Variables.Say.50,,,,
Variables.Say.51,,,,
Variables.Say.52,,,,
Variables.Say.53,,,,
Variables.Say.54,,,,
Variables.Say.55,,,,
Variables.Say.56,,,,
Variables.Say.57,,,,
Variables.Say.58,,,,
Variables.Say.59,,,,
Variables.Say.60,,,,
Variables.Say.61,,,,
Variables.Say.62,,,,
Variables.Say.63,,,,
Variables.Say.64,,,,
Variables.Say.65,,,,
Variables.Say.66,,,,
Variables.Say.67,,,,
Variables.Say.68,,,,
Variables.Say.69,,,,
Variables.Say.70,,,,
Variables.Say.71,,,,
Variables.Say.72,,,,
Variables.Say.73,,,,
Variables.Say.74,,,,
Variables.Say.75,,,,
Variables.Say.76,,,,
Variables.Say.77,,,,
Variables.Say.78,,,,
Variables.Say.79,,,,
Variables.Say.80,,,,
Variables.Say.81,,,,
Variables.Say.82,,,,
Variables.Say.83,,,,
Variables.Say.84,,,,
Variables.Say.85,,,,
Variables.Say.86,,,,
Variables.Say.87,,,,
Variables.Say.88,,,,
Variables.Say.89,,,,
Variables.Say.90,,,,
Variables.Say.91,,,,
Variables.Say.92,,,,
Variables.Say.93,,,,
Variables.Say.94,,,,
Variables.Say.95,,,,
Variables.Say.96,,,,
Variables.Say.97,,,,
Variables.Say.98,,,,
Variables.Say.99,,,,
Variables.Say.100,,,,
Variables.Say.101,,,,
Variables.Say.102,,,,
Variables.Say.103,,,,
Variables.Say.104,,,,
Variables.Say.105,,,,
Variables.Say.106,,,,
Variables.Say.107,,,,
Variables.Say.108,,,,
Variables.Say.109,,,,
Variables.Say.110,,,,
Variables.Say.111,,,,
Variables.Say.112,,,,
Variables.Say.113,,,,
Variables.Say.114,,,,
Variables.Say.115,,,,
Variables.Say.116,,,,
Variables.Say.117,,,,
Variables.Say.118,,,,
Variables.Say.119,,,,